{"keyset":{"lweSecretKeys":[{"id":0,"params":{"lweDimension":2048,"integerPrecision":64,"keyType":"binary"}},{"id":1,"params":{"lweDimension":771,"integerPrecision":64,"keyType":"binary"}}],"lweBootstrapKeys":[{"id":0,"inputId":1,"outputId":0,"params":{"levelCount":1,"baseLog":23,"glweDimension":2,"polynomialSize":1024,"variance":8.4422531129329586e-31,"integerPrecision":64,"modulus":{"modulus":{"native":{}}},"keyType":"binary","inputLweDimension":771},"compression":"seed"}],"lweKeyswitchKeys":[{"id":0,"inputId":0,"outputId":1,"params":{"levelCount":3,"baseLog":4,"variance":4.8186834012187826e-11,"integerPrecision":64,"modulus":{"modulus":{"native":{}}},"keyType":"binary","inputLweDimension":2048,"outputLweDimension":771},"compression":"seed"}],"packingKeyswitchKeys":[]},"circuits":[{"inputs":[{"rawInfo":{"shape":{"dimensions":[1,1,3]},"integerPrecision":64,"isSigned":false},"typeInfo":{"lweCiphertext":{"abstractShape":{"dimensions":[1,1]},"concreteShape":{"dimensions":[1,1,3]},"integerPrecision":64,"encryption":{"keyId":0,"variance":8.4422531129329586e-31,"lweDimension":2048,"modulus":{"modulus":{"native":{}}}},"compression":"seed","encoding":{"integer":{"width":3,"isSigned":false,"mode":{"native":{}}}}}}}],"outputs":[{"rawInfo":{"shape":{"dimensions":[1,3,5,2049]},"integerPrecision":64,"isSigned":false},"typeInfo":{"lweCiphertext":{"abstractShape":{"dimensions":[1,3,5]},"concreteShape":{"dimensions":[1,3,5,2049]},"integerPrecision":64,"encryption":{"keyId":0,"variance":8.4422531129329586e-31,"lweDimension":2048,"modulus":{"modulus":{"native":{}}}},"compression":"none","encoding":{"integer":{"width":3,"isSigned":true,"mode":{"native":{}}}}}}}],"name":"_lambda__proxy"}]}